#Cache Size,FIFO,Random,LRU,Clock,Optimal
5,14.480000,14.430000,15.050000,14.430000,20.790000
10,28.730000,28.300000,30.360000,29.070000,40.480000
15,40.830000,41.500000,44.680000,41.750000,59.190000
20,51.410000,50.980000,57.500000,52.810000,77.050000
25,59.140000,59.150000,68.380000,61.180000,81.730000
30,65.590000,66.330000,76.390000,68.100000,83.490000
35,70.580000,70.420000,81.380000,74.190000,85.050000
40,74.560000,74.770000,84.200000,77.650000,86.610000
45,78.280000,78.260000,86.030000,81.100000,88.100000
50,81.390000,80.960000,87.450000,84.350000,89.470000
55,83.480000,83.220000,88.740000,86.270000,90.720000
60,85.740000,85.640000,89.850000,88.130000,91.940000
65,88.180000,87.090000,91.030000,89.450000,93.170000
70,89.620000,89.560000,92.340000,91.170000,94.280000
75,90.930000,91.310000,93.260000,92.440000,95.340000
80,92.830000,93.260000,94.440000,93.990000,96.260000
85,94.760000,94.950000,95.620000,94.910000,97.190000
90,96.380000,96.000000,96.720000,96.640000,97.950000
95,97.600000,97.870000,97.860000,98.060000,98.580000
100,99.000000,99.000000,99.000000,99.000000,99.000000
