#Cache Size,FIFO,Random,LRU,Clock,Optimal
5,0.000000,0.000000,0.000000,0.000000,8.000000
10,0.000000,0.510000,0.000000,0.000000,18.000000
15,0.000000,3.780000,0.000000,0.000000,28.000000
20,0.000000,9.870000,0.000000,0.000000,38.000000
25,0.000000,19.720000,0.000000,0.000000,48.000000
30,0.000000,31.300000,0.000000,0.000000,58.000000
35,0.000000,46.390000,0.000000,0.000000,68.000000
40,0.000000,62.590000,0.000000,0.000000,78.000000
45,0.000000,80.050000,0.000000,0.000000,88.000000
50,99.500000,99.500000,99.500000,99.500000,99.500000
55,99.500000,99.500000,99.500000,99.500000,99.500000
60,99.500000,99.500000,99.500000,99.500000,99.500000
65,99.500000,99.500000,99.500000,99.500000,99.500000
70,99.500000,99.500000,99.500000,99.500000,99.500000
75,99.500000,99.500000,99.500000,99.500000,99.500000
80,99.500000,99.500000,99.500000,99.500000,99.500000
85,99.500000,99.500000,99.500000,99.500000,99.500000
90,99.500000,99.500000,99.500000,99.500000,99.500000
95,99.500000,99.500000,99.500000,99.500000,99.500000
100,99.500000,99.500000,99.500000,99.500000,99.500000
